State,Crop_Year,Crop,Season,Area,Production,Annual_Rainfall,Fertilizer,Pesticide,Yield
Maharashtra,1997,Arhar/Tur,Kharif     ,1005600,348000,1156.1,95702952,311736,0.3325
Maharashtra,1997,Bajra,Kharif     ,1671200,1119000,1156.1,159048104,518072,0.632272727
Maharashtra,1997,Cotton(lint),Whole Year ,31292,1753100,1156.1,2978059.64,9700.52,95.99391304
Maharashtra,1997,Gram,Kharif     ,717100,295900,1156.1,68246407,222301,0.408148148
Maharashtra,1997,Jowar,Kharif     ,2013200,2632300,1156.1,191596244,624092,1.6468
Maharashtra,1997,Jowar,Rabi       ,3487000,1357500,1156.1,331857790,1080970,0.442083333
Maharashtra,1997,Maize,Autumn     ,21,19695,1156.1,1998.57,6.51,989.87
Maharashtra,1997,Maize,Kharif     ,187600,219700,1156.1,17853892,58156,1.082083333
Maharashtra,1997,Maize,Rabi       ,45800,65400,1156.1,4358786,14198,1.476875
Maharashtra,1997,Maize,Summer     ,7500,12500,1156.1,713775,2325,1.407777778
Maharashtra,1997,Moong(Green Gram),Kharif     ,612100,221000,1156.1,58253557,189751,0.444444444
Maharashtra,1997,Other  Rabi pulses,Rabi       ,12830,492,1156.1,1221031.1,3977.3,0.0476
Maharashtra,1997,Ragi,Kharif     ,156600,146800,1156.1,14903622,48546,0.969090909
Maharashtra,1997,Rice,Kharif     ,1339000,2330000,1156.1,127432630,415090,8.778275862
Maharashtra,1997,Rice,Summer     ,329,646,1156.1,31310.93,101.99,2.018888889
Maharashtra,1997,Sugarcane,Kharif     ,183300,158866,1156.1,17444661,56823,0.863333333
Maharashtra,1997,Urad,Kharif     ,525400,210300,1156.1,50002318,162874,0.489310345
Maharashtra,1997,Wheat,Rabi       ,747300,670600,1156.1,71120541,231663,0.8476
Maharashtra,1998,Arhar/Tur,Kharif     ,1006700,808900,1314.8,99461960,291943,0.6425
Maharashtra,1998,Bajra,Kharif     ,1759700,1492500,1314.8,173858360,510313,0.739545455
Maharashtra,1998,Castor seed,Kharif     ,10100,2900,1314.8,997880,2929,0.277
Maharashtra,1998,Cotton(lint),Kharif     ,3199100,2618900,1314.8,316071080,927739,1.040434783
Maharashtra,1998,Gram,Rabi       ,904200,561900,1314.8,89334960,262218,0.615714286
Maharashtra,1998,Groundnut,Kharif     ,407700,474600,1314.8,40280760,118233,0.877777778
Maharashtra,1998,Groundnut,Summer     ,134800,192700,1314.8,13318240,39092,1.293103448
Maharashtra,1998,Jowar,Kharif     ,1954900,2785300,1314.8,193144120,566921,1.37375
Maharashtra,1998,Jowar,Rabi       ,2820200,1698300,1314.8,278635760,817858,0.6376
Maharashtra,1998,Linseed,Rabi       ,104000,27500,1314.8,10275200,30160,0.288
Maharashtra,1998,Maize,Kharif     ,200400,400400,1314.8,19799520,58116,1.952608696
Maharashtra,1998,Maize,Rabi       ,58800,87600,1314.8,5809440,17052,1.399444444
Maharashtra,1998,Maize,Summer     ,10900,17500,1314.8,1076920,3161,1.426666667
Maharashtra,1998,Moong(Green Gram),Kharif     ,649100,375700,1314.8,64131080,188239,0.603928571
Maharashtra,1998,Niger seed,Kharif     ,68500,18700,1314.8,6767800,19865,0.3065
Maharashtra,1998,Other  Rabi pulses,Rabi       ,138600,55900,1314.8,13693680,40194,0.50037037
Maharashtra,1998,Other Cereals,Kharif     ,123400,72700,1314.8,12191920,35786,0.646
Maharashtra,1998,Other Cereals,Rabi       ,20500,23400,1314.8,2025400,5945,1.0475
Maharashtra,1998,Other Kharif pulses,Kharif     ,276300,116900,1314.8,27298440,80127,0.407586207
Maharashtra,1998,Ragi,Kharif     ,157000,159100,1314.8,15511600,45530,1.03
Maharashtra,1998,Rapeseed &Mustard,Rabi       ,12400,2400,1314.8,1225120,3596,0.178076923
Maharashtra,1998,Rice,Kharif     ,1445700,2395100,1314.8,142835160,419253,1.267241379
Maharashtra,1998,Rice,Summer     ,37400,72500,1314.8,3695120,10846,2.053333333
Maharashtra,1998,Safflower,Rabi       ,321300,176300,1314.8,31744440,93177,0.580434783
Maharashtra,1998,Sesamum,Kharif     ,130700,41400,1314.8,12913160,37903,0.33
Maharashtra,1998,Sesamum,Rabi       ,11800,2000,1314.8,1165840,3422,0.168421053
Maharashtra,1998,Soyabean,Kharif     ,1055300,1471900,1314.8,104263640,306037,1.3276
Maharashtra,1998,Sugarcane,Kharif     ,529800,47151100,1314.8,52344240,153642,84.55434783
Maharashtra,1998,Sunflower,Kharif     ,167800,56300,1314.8,16578640,48662,0.3435
Maharashtra,1998,Sunflower,Rabi       ,257900,129900,1314.8,25480520,74791,0.5684
Maharashtra,1998,Sunflower,Summer     ,15200,12000,1314.8,1501760,4408,0.839047619
Maharashtra,1998,Urad,Kharif     ,531500,338000,1314.8,52512200,154135,0.601724138
Maharashtra,1998,Wheat,Rabi       ,1015500,1308500,1314.8,100331400,294495,1.265
Maharashtra,1999,Arhar/Tur,Kharif     ,1040900,868100,1166.5,110470717,281043,0.706875
Maharashtra,1999,Bajra,Kharif     ,1720700,1126300,1166.5,182617891,464589,0.662916667
Maharashtra,1999,Castor seed,Kharif     ,11000,2900,1166.5,1167430,2970,0.263636364
Maharashtra,1999,Cotton(lint),Kharif     ,3253900,3099300,1166.5,345336407,878553,1.213846154
Maharashtra,1999,Gram,Rabi       ,920000,592200,1166.5,97639600,248400,0.614
Maharashtra,1999,Groundnut,Kharif     ,406500,386200,1166.5,43141845,109755,0.76483871
Maharashtra,1999,Groundnut,Summer     ,133900,185900,1166.5,14210807,36153,1.3334375
Maharashtra,1999,Jowar,Kharif     ,1881700,2507000,1166.5,199704821,508059,1.2288
Maharashtra,1999,Jowar,Rabi       ,3236700,2123000,1166.5,343510971,873909,0.7024
Maharashtra,1999,Linseed,Rabi       ,97800,28300,1166.5,10379514,26406,0.276190476
Maharashtra,1999,Maize,Kharif     ,193869,305573,1166.5,20575316.97,52344.63,1.3428
Maharashtra,1999,Maize,Rabi       ,58800,90700,1166.5,6240444,15876,1.491111111
Maharashtra,1999,Maize,Summer     ,11200,18200,1166.5,1188656,3024,1.428888889
Maharashtra,1999,Moong(Green Gram),Kharif     ,619900,288780,1166.5,65789987,167373,0.5221875
Maharashtra,1999,Niger seed,Kharif     ,66700,18700,1166.5,7078871,18009,0.2272
Maharashtra,1999,Other  Rabi pulses,Rabi       ,152900,71200,1166.5,16227277,41283,0.43
Maharashtra,1999,Other Kharif pulses,Kharif     ,272900,93600,1166.5,28962877,73683,0.39375
Maharashtra,1999,Ragi,Kharif     ,155400,167200,1166.5,16492602,41958,1.087272727
Maharashtra,1999,Rapeseed &Mustard,Rabi       ,10100,2900,1166.5,1071913,2727,0.318181818
Maharashtra,1999,Rice,Kharif     ,1457100,2466400,1166.5,154642023,393417,1.211935484
Maharashtra,1999,Rice,Summer     ,41400,82900,1166.5,4393782,11178,2.081
Maharashtra,1999,Safflower,Rabi       ,317400,174500,1166.5,33685662,85698,0.637083333
Maharashtra,1999,Sesamum,Kharif     ,123200,37200,1166.5,13075216,33264,0.317096774
Maharashtra,1999,Sesamum,Rabi       ,6900,2100,1166.5,732297,1863,0.25125
Maharashtra,1999,Small millets,Kharif     ,92700,65200,1166.5,9838251,25029,0.72047619
Maharashtra,1999,Small millets,Rabi       ,9100,2800,1166.5,965783,2457,0.333333333
Maharashtra,1999,Soyabean,Kharif     ,1163600,1620000,1166.5,123492868,314172,1.511034483
Maharashtra,1999,Sugarcane,Whole Year ,590100,53140400,1166.5,62627313,159327,86.55576923
Maharashtra,1999,Sunflower,Kharif     ,146100,57600,1166.5,15505593,39447,0.454166667
Maharashtra,1999,Sunflower,Rabi       ,241400,141800,1166.5,25619782,65178,0.595
Maharashtra,1999,Sunflower,Summer     ,14500,10700,1166.5,1538885,3915,0.783478261
Maharashtra,1999,Urad,Kharif     ,549000,269600,1166.5,58265370,148230,0.554848485
Maharashtra,1999,Wheat,Rabi       ,1041800,1425900,1166.5,110566234,281286,1.299655172
Maharashtra,2000,Arhar/Tur,Kharif     ,1096100,660300,1057.8,107604137,284986,0.5265625
Maharashtra,2000,Bajra,Kharif     ,1800000,1087200,1057.8,176706000,468000,0.585
Maharashtra,2000,Castor seed,Kharif     ,18100,4350,1057.8,1776877,4706,0.285454545
Maharashtra,2000,Cotton(lint),Kharif     ,3076900,1802600,1057.8,302059273,799994,0.881153846
Maharashtra,2000,Gram,Rabi       ,676200,350800,1057.8,66382554,175812,0.500967742
Maharashtra,2000,Groundnut,Kharif     ,403700,360510,1057.8,39631229,104962,0.649655172
Maharashtra,2000,Groundnut,Summer     ,86400,109100,1057.8,8481888,22464,1.403548387
Maharashtra,2000,Jowar,Kharif     ,1910000,2398800,1057.8,187504700,496600,1.168461538
Maharashtra,2000,Jowar,Rabi       ,3183500,1589000,1057.8,312524195,827710,0.583214286
Maharashtra,2000,Linseed,Rabi       ,69900,16300,1057.8,6862083,18174,0.263157895
Maharashtra,2000,Maize,Kharif     ,258500,216000,1057.8,25376945,67210,0.856538462
Maharashtra,2000,Maize,Rabi       ,70200,87600,1057.8,6891534,18252,1.161666667
Maharashtra,2000,Moong(Green Gram),Kharif     ,714300,243900,1057.8,70122831,185718,0.472727273
Maharashtra,2000,Niger seed,Kharif     ,60700,13340,1057.8,5958919,15782,0.28
Maharashtra,2000,Other  Rabi pulses,Rabi       ,101700,37700,1057.8,9983889,26442,0.351923077
Maharashtra,2000,Other Kharif pulses,Kharif     ,394900,139100,1057.8,38767333,102674,0.392727273
Maharashtra,2000,Ragi,Kharif     ,154900,128600,1057.8,15206533,40274,0.881666667
Maharashtra,2000,Rapeseed &Mustard,Rabi       ,8200,1900,1057.8,804994,2132,0.217083333
Maharashtra,2000,Rice,Kharif     ,1486400,1879200,1057.8,145919888,386464,0.9865625
Maharashtra,2000,Rice,Summer     ,25100,50500,1057.8,2464067,6526,1.987
Maharashtra,2000,Safflower,Rabi       ,296000,121900,1057.8,29058320,76960,0.454285714
Maharashtra,2000,Sesamum,Kharif     ,131600,28310,1057.8,12919172,34216,0.2296875
Maharashtra,2000,Sesamum,Rabi       ,5300,1900,1057.8,520301,1378,0.652666667
Maharashtra,2000,Small millets,Kharif     ,178800,111700,1057.8,17552796,46488,0.655666667
Maharashtra,2000,Small millets,Rabi       ,2500,1000,1057.8,245425,650,0.531111111
Maharashtra,2000,Soyabean,Kharif     ,1141500,1266200,1057.8,112061055,296790,1.134285714
Maharashtra,2000,Sugarcane,Whole Year ,595300,49568700,1057.8,58440601,154778,77.65407407
Maharashtra,2000,Sunflower,Kharif     ,137400,67700,1057.8,13488558,35724,0.525217391
Maharashtra,2000,Sunflower,Rabi       ,190900,102400,1057.8,18740653,49634,0.588461538
Maharashtra,2000,Sunflower,Summer     ,8900,5200,1057.8,873713,2314,0.725238095
Maharashtra,2000,Urad,Kharif     ,574000,205100,1057.8,56349580,149240,0.461818182
Maharashtra,2000,Wheat,Rabi       ,754200,947600,1057.8,74039814,196092,1.197
Maharashtra,2001,Arhar/Tur,Kharif     ,1017300,770600,1035.8,103896849,264498,0.6271875
Maharashtra,2001,Bajra,Kharif     ,1399200,830800,1035.8,142900296,363792,0.515909091
Maharashtra,2001,Castor seed,Kharif     ,11900,3250,1035.8,1215347,3094,0.346818182
Maharashtra,2001,Cotton(lint),Kharif     ,3104700,2689600,1035.8,317083011,807222,0.897307692
Maharashtra,2001,Gram,Rabi       ,756300,450500,1035.8,77240919,196638,0.583870968
Maharashtra,2001,Groundnut,Kharif     ,353400,382200,1035.8,36092742,91884,0.733703704
Maharashtra,2001,Groundnut,Summer     ,76000,109800,1035.8,7761880,19760,1.387096774
Maharashtra,2001,Jowar,Kharif     ,1780300,2073100,1035.8,181822039,462878,1.109230769
Maharashtra,2001,Jowar,Rabi       ,3356700,1836500,1035.8,342819771,872742,0.722142857
Maharashtra,2001,Linseed,Rabi       ,68700,20500,1035.8,7016331,17862,0.338888889
Maharashtra,2001,Maize,Kharif     ,254500,459110,1035.8,25992085,66170,1.910769231
Maharashtra,2001,Maize,Rabi       ,63100,116100,1035.8,6444403,16406,1.887142857
Maharashtra,2001,Maize,Summer     ,8500,11700,1035.8,868105,2210,1.293529412
Maharashtra,2001,Moong(Green Gram),Kharif     ,710600,290500,1035.8,72573578,184756,0.501515152
Maharashtra,2001,Niger seed,Kharif     ,56000,14500,1035.8,5719280,14560,0.35952381
Maharashtra,2001,Other  Rabi pulses,Rabi       ,131000,64000,1035.8,13379030,34060,0.479615385
Maharashtra,2001,Other Kharif pulses,Kharif     ,184700,47700,1035.8,18863411,48022,0.249677419
Maharashtra,2001,Ragi,Kharif     ,150700,181600,1035.8,15390991,39182,1.223333333
Maharashtra,2001,Rapeseed &Mustard,Rabi       ,12200,3080,1035.8,1245986,3172,0.304615385
Maharashtra,2001,Rice,Kharif     ,1487200,2590400,1035.8,151887736,386672,1.261875
Maharashtra,2001,Rice,Summer     ,26800,60800,1035.8,2737084,6968,2.192
Maharashtra,2001,Safflower,Rabi       ,286800,138900,1035.8,29290884,74568,0.496315789
Maharashtra,2001,Sesamum,Kharif     ,113300,36500,1035.8,11571329,29458,0.3446875
Maharashtra,2001,Sesamum,Rabi       ,4500,960,1035.8,459585,1170,0.224166667
Maharashtra,2001,Small millets,Kharif     ,87600,57900,1035.8,8946588,22776,0.679333333
Maharashtra,2001,Small millets,Rabi       ,20000,9900,1035.8,2042600,5200,0.506315789
Maharashtra,2001,Soyabean,Kharif     ,1104900,1385500,1035.8,112843437,287274,1.250357143
Maharashtra,2001,Sugarcane,Whole Year ,578200,45139800,1035.8,59051566,150332,69.57740741
Maharashtra,2001,Sunflower,Kharif     ,80400,28700,1035.8,8211252,20904,0.419565217
Maharashtra,2001,Sunflower,Rabi       ,185200,97400,1035.8,18914476,48152,0.644615385
Maharashtra,2001,Sunflower,Summer     ,5800,5200,1035.8,592354,1508,1.199444444
Maharashtra,2001,Urad,Kharif     ,587700,255300,1035.8,60021801,152802,0.543636364
Maharashtra,2001,Wheat,Rabi       ,776000,1077400,1035.8,79252880,201760,1.313793103
Maharashtra,2002,Arhar/Tur,Kharif     ,1059900,777100,967.4,100340733,264975,0.6296875
Maharashtra,2002,Bajra,Kharif     ,1547200,1146000,967.4,146473424,386800,0.677272727
Maharashtra,2002,Castor seed,Kharif     ,29700,6590,967.4,2811699,7425,0.1815
Maharashtra,2002,Cotton(lint),Kharif     ,2799900,2596100,967.4,265066533,699975,0.99037037
Maharashtra,2002,Gram,Rabi       ,796200,448500,967.4,75376254,199050,0.566129032
Maharashtra,2002,Groundnut,Kharif     ,350900,336300,967.4,33219703,87725,0.748275862
Maharashtra,2002,Groundnut,Summer     ,67800,113800,967.4,6418626,16950,1.725806452
Maharashtra,2002,Jowar,Kharif     ,1718300,2428200,967.4,162671461,429575,1.252857143
Maharashtra,2002,Jowar,Rabi       ,3086000,1454200,967.4,292151620,771500,0.691428571
Maharashtra,2002,Linseed,Rabi       ,53600,11700,967.4,5074312,13400,0.266666667
Maharashtra,2002,Maize,Kharif     ,301200,629700,967.4,28514604,75300,1.725185185
Maharashtra,2002,Maize,Rabi       ,61700,100100,967.4,5841139,15425,1.382727273
Maharashtra,2002,Maize,Summer     ,8300,13500,967.4,785761,2075,1.386315789
Maharashtra,2002,Moong(Green Gram),Kharif     ,762300,376100,967.4,72166941,190575,0.573636364
Maharashtra,2002,Niger seed,Kharif     ,53800,13830,967.4,5093246,13450,0.278095238
Maharashtra,2002,Other  Rabi pulses,Rabi       ,91200,36200,967.4,8633904,22800,0.3948
Maharashtra,2002,Other Kharif pulses,Kharif     ,203900,49400,967.4,19303213,50975,0.244848485
Maharashtra,2002,Ragi,Kharif     ,145900,124200,967.4,13812353,36475,0.88
Maharashtra,2002,Rapeseed &Mustard,Rabi       ,8100,2270,967.4,766827,2025,0.317777778
Maharashtra,2002,Rice,Kharif     ,1496800,1793000,967.4,141702056,374200,0.8903125
Maharashtra,2002,Rice,Summer     ,26500,61100,967.4,2508755,6625,2.288
Maharashtra,2002,Safflower,Rabi       ,262900,116400,967.4,24888743,65725,0.427894737
Maharashtra,2002,Sesamum,Kharif     ,110800,34510,967.4,10489436,27700,0.29875
Maharashtra,2002,Sesamum,Rabi       ,4300,790,967.4,407081,1075,0.135384615
Maharashtra,2002,Small millets,Kharif     ,69600,36100,967.4,6589032,17400,0.564615385
Maharashtra,2002,Small millets,Rabi       ,9300,3000,967.4,880431,2325,0.432941176
Maharashtra,2002,Soyabean,Kharif     ,1255500,1576000,967.4,118858185,313875,1.372068966
Maharashtra,2002,Sugarcane,Whole Year ,573100,42617000,967.4,54255377,143275,65.24666667
Maharashtra,2002,Sunflower,Kharif     ,97400,46500,967.4,9220858,24350,0.496363636
Maharashtra,2002,Sunflower,Rabi       ,187000,92700,967.4,17703290,46750,0.545416667
Maharashtra,2002,Sunflower,Summer     ,4600,3400,967.4,435482,1150,0.866428571
Maharashtra,2002,Urad,Kharif     ,633600,359800,967.4,59982912,158400,0.583333333
Maharashtra,2002,Wheat,Rabi       ,759800,983900,967.4,71930266,189950,1.234333333
Maharashtra,2003,Arhar/Tur,Kharif     ,1046300,693000,1037.4,103562774,251112,0.59125
Maharashtra,2003,Bajra,Kharif     ,1325400,896300,1037.4,131188092,318096,0.582727273
Maharashtra,2003,Banana,Whole Year ,57700,3634720,1037.4,5711146,13848,57.56857143
Maharashtra,2003,Cotton(lint),Kharif     ,2762400,3080100,1037.4,273422352,662976,1.181111111
Maharashtra,2003,Gram,Rabi       ,795200,421100,1037.4,78708896,190848,0.555806452
Maharashtra,2003,Groundnut,Kharif     ,324100,355200,1037.4,32079418,77784,0.794333333
Maharashtra,2003,Groundnut,Summer     ,54700,81600,1037.4,5414206,13128,1.402258065
Maharashtra,2003,Jowar,Kharif     ,1586100,2111000,1037.4,156992178,380664,1.253333333
Maharashtra,2003,Jowar,Rabi       ,2853900,777300,1037.4,282479022,684936,0.610740741
Maharashtra,2003,Linseed,Rabi       ,63400,14700,1037.4,6275332,15216,0.258333333
Maharashtra,2003,Maize,Kharif     ,311800,671000,1037.4,30861964,74832,1.724444444
Maharashtra,2003,Maize,Rabi       ,57900,81100,1037.4,5730942,13896,1.689130435
Maharashtra,2003,Moong(Green Gram),Kharif     ,700100,390500,1037.4,69295898,168024,0.583939394
Maharashtra,2003,Niger seed,Kharif     ,53600,17400,1037.4,5305328,12864,0.3865
Maharashtra,2003,Onion,Whole Year ,133622,1663240,1037.4,13225905.56,32069.28,12.44846154
Maharashtra,2003,Other  Rabi pulses,Rabi       ,129800,50100,1037.4,12847604,31152,0.430869565
Maharashtra,2003,Other Kharif pulses,Kharif     ,164300,41400,1037.4,16262414,39432,0.2815625
Maharashtra,2003,Ragi,Kharif     ,146900,170000,1037.4,14540162,35256,1.2225
Maharashtra,2003,Rapeseed &Mustard,Rabi       ,10300,2600,1037.4,1019494,2472,0.222962963
Maharashtra,2003,Rice,Kharif     ,1500400,2768600,1037.4,148509592,360096,1.232258065
Maharashtra,2003,Rice,Summer     ,29500,65500,1037.4,2919910,7080,2.217
Maharashtra,2003,Safflower,Rabi       ,244700,87300,1037.4,24220406,58728,0.398421053
Maharashtra,2003,Sesamum,Kharif     ,116800,37200,1037.4,11560864,28032,0.364375
Maharashtra,2003,Sesamum,Rabi       ,3600,800,1037.4,356328,864,0.223
Maharashtra,2003,Small millets,Kharif     ,68600,38100,1037.4,6790028,16464,0.554333333
Maharashtra,2003,Small millets,Rabi       ,16200,5000,1037.4,1603476,3888,0.45125
Maharashtra,2003,Soyabean,Kharif     ,1589100,2219200,1037.4,157289118,381384,1.49862069
Maharashtra,2003,Sugarcane,Whole Year ,442500,25668400,1037.4,43798650,106200,56.65814815
Maharashtra,2003,Sunflower,Kharif     ,89000,32400,1037.4,8809220,21360,0.400454545
Maharashtra,2003,Sunflower,Rabi       ,182500,65400,1037.4,18063850,43800,0.423333333
Maharashtra,2003,Sunflower,Summer     ,4000,3200,1037.4,395920,960,0.733125
Maharashtra,2003,Urad,Kharif     ,600700,359200,1037.4,59457286,144168,0.595757576
Maharashtra,2003,Wheat,Rabi       ,664700,778200,1037.4,65792006,159528,1.171666667
Maharashtra,2003,other oilseeds,Kharif     ,25600,4700,1037.4,2533888,6144,0.201904762
Maharashtra,2004,Arhar/Tur,Kharif     ,1074000,658200,1052,116357160,225540,0.5771875
Maharashtra,2004,Bajra,Kharif     ,1528900,1126300,1052,165641026,321069,0.622272727
Maharashtra,2004,Castor seed,Kharif     ,12300,3500,1052,1332582,2583,0.253181818
Maharashtra,2004,Cotton(lint),Kharif     ,2839500,2938500,1052,307631430,596295,1.088888889
Maharashtra,2004,Gram,Rabi       ,829900,466200,1052,89911366,174279,0.538709677
Maharashtra,2004,Groundnut,Kharif     ,346600,358800,1052,37550644,72786,0.732857143
Maharashtra,2004,Groundnut,Summer     ,69400,100200,1052,7518796,14574,1.313870968
Maharashtra,2004,Jowar,Kharif     ,1532900,1791800,1052,166074386,321909,1.129230769
Maharashtra,2004,Jowar,Rabi       ,3223200,1831500,1052,349201488,676872,0.674615385
Maharashtra,2004,Linseed,Rabi       ,50300,11200,1052,5449502,10563,0.294210526
Maharashtra,2004,Maize,Kharif     ,353200,606900,1052,38265688,74172,1.387777778
Maharashtra,2004,Maize,Rabi       ,65000,130500,1052,7042100,13650,1.723478261
Maharashtra,2004,Maize,Summer     ,13400,20400,1052,1451756,2814,1.462777778
Maharashtra,2004,Moong(Green Gram),Kharif     ,656000,227800,1052,71071040,137760,0.509090909
Maharashtra,2004,Niger seed,Kharif     ,54200,16700,1052,5872028,11382,0.3395
Maharashtra,2004,Other  Rabi pulses,Rabi       ,91200,28200,1052,9880608,19152,0.364
Maharashtra,2004,Other Cereals,Kharif     ,75000,41700,1052,8125500,15750,0.474137931
Maharashtra,2004,Other Cereals,Rabi       ,9300,3100,1052,1007562,1953,0.369375
Maharashtra,2004,Other Kharif pulses,Kharif     ,203800,71300,1052,22079692,42798,0.3125
Maharashtra,2004,Ragi,Kharif     ,144600,147200,1052,15665964,30366,1.013333333
Maharashtra,2004,Rapeseed &Mustard,Rabi       ,8600,2500,1052,931724,1806,0.332592593
Maharashtra,2004,Rice,Kharif     ,1488200,2098200,1052,161231588,312522,1.022903226
Maharashtra,2004,Rice,Summer     ,20500,49000,1052,2220970,4305,2.463
Maharashtra,2004,Safflower,Rabi       ,251900,120100,1052,27290846,52899,0.5225
Maharashtra,2004,Sesamum,Kharif     ,105200,24600,1052,11397368,22092,0.2746875
Maharashtra,2004,Sesamum,Rabi       ,3800,900,1052,411692,798,0.224
Maharashtra,2004,Small millets,Kharif     ,75000,41700,1052,8125500,15750,0.474137931
Maharashtra,2004,Small millets,Rabi       ,9300,3100,1052,1007562,1953,0.369375
Maharashtra,2004,Soyabean,Kharif     ,2102200,1892400,1052,227752348,441462,1.204482759
Maharashtra,2004,Sugarcane,Whole Year ,326900,23913700,1052,35416346,68649,64.51
Maharashtra,2004,Sunflower,Kharif     ,113100,53600,1052,12253254,23751,0.51
Maharashtra,2004,Sunflower,Rabi       ,200700,107800,1052,21743838,42147,0.557916667
Maharashtra,2004,Sunflower,Summer     ,6900,5200,1052,747546,1449,0.87
Maharashtra,2004,Urad,Kharif     ,530500,216500,1052,57474370,111405,0.522121212
Maharashtra,2004,Wheat,Rabi       ,755700,1016300,1052,81872538,158697,1.199666667
Maharashtra,2005,Arhar/Tur,Kharif     ,1099900,792200,1387.2,131900008,230979,0.6421875
Maharashtra,2005,Bajra,Kharif     ,1433800,932000,1387.2,171941296,301098,0.595454545
Maharashtra,2005,Castor seed,Kharif     ,16100,6800,1387.2,1930712,3381,0.634
Maharashtra,2005,Cotton(lint),Kharif     ,2875000,3160100,1387.2,344770000,603750,1.218148148
Maharashtra,2005,Gram,Rabi       ,1020400,705200,1387.2,122366368,214284,0.662580645
Maharashtra,2005,Groundnut,Kharif     ,336700,279800,1387.2,40377064,70707,0.766923077
Maharashtra,2005,Groundnut,Summer     ,104600,159700,1387.2,12543632,21966,1.49
Maharashtra,2005,Jowar,Kharif     ,1472400,1764100,1387.2,176570208,309204,1.138846154
Maharashtra,2005,Jowar,Rabi       ,3267600,1947000,1387.2,391850592,686196,0.713846154
Maharashtra,2005,Linseed,Rabi       ,65000,18500,1387.2,7794800,13650,0.366
Maharashtra,2005,Maize,Kharif     ,389100,829700,1387.2,46660872,81711,1.67037037
Maharashtra,2005,Maize,Rabi       ,70900,145400,1387.2,8502328,14889,2.137307692
Maharashtra,2005,Maize,Summer     ,9500,13700,1387.2,1139240,1995,1.239473684
Maharashtra,2005,Moong(Green Gram),Kharif     ,533800,189100,1387.2,64013296,112098,0.45969697
Maharashtra,2005,Niger seed,Kharif     ,53700,14000,1387.2,6439704,11277,0.385238095
Maharashtra,2005,Other  Rabi pulses,Rabi       ,141100,51100,1387.2,16920712,29631,0.462592593
Maharashtra,2005,Other Kharif pulses,Kharif     ,189400,61400,1387.2,22712848,39774,0.311212121
Maharashtra,2005,Ragi,Kharif     ,135800,132300,1387.2,16285136,28518,0.939166667
Maharashtra,2005,Rapeseed &Mustard,Rabi       ,12600,4430,1387.2,1510992,2646,0.414230769
Maharashtra,2005,Rice,Kharif     ,1473700,2596800,1387.2,176726104,309477,1.215666667
Maharashtra,2005,Rice,Summer     ,38800,72200,1387.2,4652896,8148,2.007
Maharashtra,2005,Safflower,Rabi       ,263000,158900,1387.2,31538960,55230,0.558
Maharashtra,2005,Sesamum,Kharif     ,102900,27700,1387.2,12339768,21609,0.319393939
Maharashtra,2005,Sesamum,Rabi       ,4100,900,1387.2,491672,861,0.552857143
Maharashtra,2005,Small millets,Kharif     ,71300,37600,1387.2,8550296,14973,0.495
Maharashtra,2005,Small millets,Rabi       ,7500,4400,1387.2,899400,1575,0.558125
Maharashtra,2005,Soyabean,Kharif     ,2346800,2527300,1387.2,281428256,492828,1.144642857
Maharashtra,2005,Sugarcane,Whole Year ,500700,38813700,1387.2,60043944,105147,66.29923077
Maharashtra,2005,Sunflower,Kharif     ,109400,58200,1387.2,13119248,22974,0.547391304
Maharashtra,2005,Sunflower,Rabi       ,230700,137100,1387.2,27665544,48447,0.569583333
Maharashtra,2005,Sunflower,Summer     ,13500,11300,1387.2,1618920,2835,0.920952381
Maharashtra,2005,Urad,Kharif     ,468400,198700,1387.2,56170528,98364,0.526363636
Maharashtra,2005,Wheat,Rabi       ,932800,1300700,1387.2,111861376,195888,1.329333333
Maharashtra,2006,Arhar/Tur,Kharif     ,1122600,814600,1439.4,143367246,246972,0.663125
Maharashtra,2006,Bajra,Kharif     ,1452200,1058600,1439.4,185460462,319484,0.633333333
Maharashtra,2006,Castor seed,Kharif     ,11900,4000,1439.4,1519749,2618,0.34875
Maharashtra,2006,Cotton(lint),Kharif     ,3106900,4617500,1439.4,396782199,683518,1.454444444
Maharashtra,2006,Gram,Rabi       ,1308100,925100,1439.4,167057451,287782,0.687096774
Maharashtra,2006,Groundnut,Kharif     ,341600,254100,1439.4,43625736,75152,0.735185185
Maharashtra,2006,Groundnut,Summer     ,108100,149700,1439.4,13805451,23782,1.453870968
Maharashtra,2006,Jowar,Kharif     ,1409200,1684100,1439.4,179968932,310024,1.118846154
Maharashtra,2006,Jowar,Rabi       ,3208900,2097600,1439.4,409808619,705958,0.795769231
Maharashtra,2006,Linseed,Rabi       ,67800,16000,1439.4,8658738,14916,0.344444444
Maharashtra,2006,Maize,Kharif     ,475000,947800,1439.4,60662250,104500,1.599642857
Maharashtra,2006,Maize,Rabi       ,86000,176900,1439.4,10983060,18920,2.1984
Maharashtra,2006,Maize,Summer     ,19200,25300,1439.4,2452032,4224,1.184761905
Maharashtra,2006,Moong(Green Gram),Kharif     ,573100,236100,1439.4,73190601,126082,0.538181818
Maharashtra,2006,Niger seed,Kharif     ,54000,12000,1439.4,6896340,11880,0.2945
Maharashtra,2006,Other  Rabi pulses,Rabi       ,146300,65700,1439.4,18683973,32186,0.475185185
Maharashtra,2006,Other Kharif pulses,Kharif     ,188100,63600,1439.4,24022251,41382,0.37625
Maharashtra,2006,Ragi,Kharif     ,136000,123000,1439.4,17368560,29920,0.89
Maharashtra,2006,Rapeseed &Mustard,Rabi       ,13900,4900,1439.4,1775169,3058,0.342413793
Maharashtra,2006,Rice,Kharif     ,1491300,2488600,1439.4,190453923,328086,1.166333333
Maharashtra,2006,Rice,Summer     ,38000,81100,1439.4,4852980,8360,2.176
Maharashtra,2006,Safflower,Rabi       ,278800,168900,1439.4,35605548,61336,0.5795
Maharashtra,2006,Sesamum,Kharif     ,99500,24500,1439.4,12707145,21890,0.315151515
Maharashtra,2006,Sesamum,Rabi       ,5000,1700,1439.4,638550,1100,0.64375
Maharashtra,2006,Small millets,Kharif     ,63200,31600,1439.4,8071272,13904,0.62
Maharashtra,2006,Small millets,Rabi       ,5400,3100,1439.4,689634,1188,0.62
Maharashtra,2006,Soyabean,Kharif     ,2521100,2891600,1439.4,321969681,554642,1.203571429
Maharashtra,2006,Sugarcane,Whole Year ,848800,66277400,1439.4,108400248,186736,70.67444444
Maharashtra,2006,Sunflower,Kharif     ,121400,64200,1439.4,15503994,26708,0.583478261
Maharashtra,2006,Sunflower,Rabi       ,224200,121500,1439.4,28632582,49324,0.544
Maharashtra,2006,Sunflower,Summer     ,14400,12100,1439.4,1839024,3168,0.878095238
Maharashtra,2006,Urad,Kharif     ,490000,199700,1439.4,62577900,107800,0.542424242
Maharashtra,2006,Wheat,Rabi       ,1230800,1871000,1439.4,157185468,270776,1.451666667
Maharashtra,2007,Arhar/Tur,Kharif     ,1159100,1075700,1257.2,154623940,185456,0.81125
Maharashtra,2007,Bajra,Kharif     ,1283000,1126900,1257.2,171152200,205280,0.742272727
Maharashtra,2007,Castor seed,Kharif     ,11500,4400,1257.2,1534100,1840,0.3196
Maharashtra,2007,Cotton(lint),Kharif     ,3195400,7014900,1257.2,426266360,511264,2.172962963
Maharashtra,2007,Gram,Rabi       ,1353300,1115700,1257.2,180530220,216528,0.808064516
Maharashtra,2007,Groundnut,Kharif     ,329300,365900,1257.2,43928620,52688,0.893076923
Maharashtra,2007,Groundnut,Summer     ,90100,139900,1257.2,12019340,14416,1.509032258
Maharashtra,2007,Jowar,Kharif     ,1270600,1883800,1257.2,169498040,203296,1.378846154
Maharashtra,2007,Jowar,Rabi       ,2876900,2119400,1257.2,383778460,460304,0.9212
Maharashtra,2007,Linseed,Rabi       ,67800,19300,1257.2,9044520,10848,0.417222222
Maharashtra,2007,Maize,Kharif     ,571100,1545200,1257.2,76184740,91376,2.325357143
Maharashtra,2007,Maize,Rabi       ,86700,223000,1257.2,11565780,13872,2.6852
Maharashtra,2007,Maize,Summer     ,13700,21600,1257.2,1827580,2192,1.413684211
Maharashtra,2007,Moong(Green Gram),Kharif     ,660800,367100,1257.2,88150720,105728,0.598181818
Maharashtra,2007,Niger seed,Kharif     ,47300,12800,1257.2,6309820,7568,0.3595
Maharashtra,2007,Other  Rabi pulses,Rabi       ,142200,70300,1257.2,18969480,22752,0.580357143
Maharashtra,2007,Other Kharif pulses,Kharif     ,177400,74900,1257.2,23665160,28384,0.496774194
Maharashtra,2007,Ragi,Kharif     ,128300,123500,1257.2,17115220,20528,0.941818182
Maharashtra,2007,Rapeseed &Mustard,Rabi       ,9200,4300,1257.2,1227280,1472,0.482758621
Maharashtra,2007,Rice,Kharif     ,1535300,2912800,1257.2,204809020,245648,1.377241379
Maharashtra,2007,Rice,Summer     ,41400,98700,1257.2,5522760,6624,2.486
Maharashtra,2007,Safflower,Rabi       ,230900,153600,1257.2,30802060,36944,0.677142857
Maharashtra,2007,Sesamum,Kharif     ,88700,28600,1257.2,11832580,14192,0.412727273
Maharashtra,2007,Sesamum,Rabi       ,3700,1300,1257.2,493580,592,0.64
Maharashtra,2007,Small millets,Kharif     ,60800,34100,1257.2,8110720,9728,0.56862069
Maharashtra,2007,Small millets,Rabi       ,5200,2700,1257.2,693680,832,0.673684211
Maharashtra,2007,Soyabean,Kharif     ,2663600,3976200,1257.2,355324240,426176,1.4975
Maharashtra,2007,Sugarcane,Whole Year ,1092800,88437200,1257.2,145779520,174848,74.23888889
Maharashtra,2007,Sunflower,Kharif     ,111500,64600,1257.2,14874100,17840,0.681304348
Maharashtra,2007,Sunflower,Rabi       ,176400,130200,1257.2,23531760,28224,0.723333333
Maharashtra,2007,Sunflower,Summer     ,11100,10300,1257.2,1480740,1776,0.999090909
Maharashtra,2007,Urad,Kharif     ,563800,320200,1257.2,75210920,90208,0.594242424
Maharashtra,2007,Wheat,Rabi       ,1252800,2371100,1257.2,167123520,200448,1.782333333
Maharashtra,2008,Arhar/Tur,Kharif     ,1008500,605000,1052.8,144255840,90765,0.5575
Maharashtra,2008,Bajra,Kharif     ,865400,661900,1052.8,123786816,77886,0.642727273
Maharashtra,2008,Castor seed,Kharif     ,10800,2700,1052.8,1544832,972,0.254
Maharashtra,2008,Cotton(lint),Kharif     ,3146000,4752300,1052.8,450003840,283140,1.516296296
Maharashtra,2008,Gram,Rabi       ,1143300,773900,1052.8,163537632,102897,0.66483871
Maharashtra,2008,Groundnut,Kharif     ,253600,257500,1052.8,36274944,22824,0.7352
Maharashtra,2008,Groundnut,Summer     ,63600,94000,1052.8,9097344,5724,1.39483871
Maharashtra,2008,Jowar,Kharif     ,847300,984800,1052.8,121197792,76257,1.185384615
Maharashtra,2008,Jowar,Rabi       ,3223900,2367200,1052.8,461146656,290151,0.8396
Maharashtra,2008,Linseed,Rabi       ,38200,7900,1052.8,5464128,3438,0.263333333
Maharashtra,2008,Maize,Kharif     ,550100,1323000,1052.8,78686304,49509,1.992222222
Maharashtra,2008,Maize,Rabi       ,85900,206700,1052.8,12287136,7731,2.3832
Maharashtra,2008,Maize,Summer     ,9500,14500,1052.8,1358880,855,1.381
Maharashtra,2008,Moong(Green Gram),Kharif     ,426600,106000,1052.8,61020864,38394,0.391818182
Maharashtra,2008,Niger seed,Kharif     ,38000,10300,1052.8,5435520,3420,0.446666667
Maharashtra,2008,Other  Rabi pulses,Rabi       ,102100,40500,1052.8,14604384,9189,0.41
Maharashtra,2008,Other Kharif pulses,Kharif     ,88000,27900,1052.8,12587520,7920,0.323548387
Maharashtra,2008,Ragi,Kharif     ,125500,125000,1052.8,17951520,11295,0.921666667
Maharashtra,2008,Rapeseed &Mustard,Rabi       ,6200,2100,1052.8,886848,558,0.426190476
Maharashtra,2008,Rice,Kharif     ,1499500,2234300,1052.8,214488480,134955,1.170740741
Maharashtra,2008,Rice,Summer     ,22000,53200,1052.8,3146880,1980,2.421111111
Maharashtra,2008,Safflower,Rabi       ,185700,105200,1052.8,26562528,16713,0.5495
Maharashtra,2008,Sesamum,Kharif     ,54100,13600,1052.8,7738464,4869,0.47125
Maharashtra,2008,Sesamum,Rabi       ,1700,700,1052.8,243168,153,0.643333333
Maharashtra,2008,Small millets,Kharif     ,68300,34100,1052.8,9769632,6147,0.457586207
Maharashtra,2008,Small millets,Rabi       ,5100,2700,1052.8,729504,459,0.618
Maharashtra,2008,Soyabean,Kharif     ,3063200,1839900,1052.8,438160128,275688,0.890714286
Maharashtra,2008,Sugarcane,Whole Year ,768400,60648300,1052.8,109911936,69156,65.53407407
Maharashtra,2008,Sunflower,Kharif     ,110800,58000,1052.8,15848832,9972,0.565714286
Maharashtra,2008,Sunflower,Rabi       ,146900,91800,1052.8,21012576,13221,0.647083333
Maharashtra,2008,Sunflower,Summer     ,5800,5400,1052.8,829632,522,1.05
Maharashtra,2008,Urad,Kharif     ,323900,99900,1052.8,46330656,29151,0.461515152
Maharashtra,2008,Wheat,Rabi       ,1021800,1516400,1052.8,146158272,91962,1.431666667
Maharashtra,2009,Arhar/Tur,Kharif     ,1093200,919100,1002.4,170342424,185844,0.7909375
Maharashtra,2009,Bajra,Kharif     ,1033500,766300,1002.4,161039970,175695,0.686666667
Maharashtra,2009,Castor seed,Kharif     ,6700,1500,1002.4,1043994,1139,0.195
Maharashtra,2009,Cotton(lint),Kharif     ,3391500,5111200,1002.4,528463530,576555,1.444230769
Maharashtra,2009,Gram,Rabi       ,1291400,1114400,1002.4,201225948,219538,0.795806452
Maharashtra,2009,Groundnut,Kharif     ,260400,263800,1002.4,40575528,44268,0.797916667
Maharashtra,2009,Groundnut,Summer     ,61500,100700,1002.4,9582930,10455,1.522
Maharashtra,2009,Jowar,Kharif     ,1064300,1151844,1002.4,165839226,180931,1.0732
Maharashtra,2009,Jowar,Rabi       ,3112000,2413700,1002.4,484911840,529040,0.884
Maharashtra,2009,Linseed,Rabi       ,36100,8700,1002.4,5625102,6137,0.180588235
Maharashtra,2009,Maize,Kharif     ,673000,1530600,1002.4,104866860,114410,1.972962963
Maharashtra,2009,Maize,Rabi       ,101400,267200,1002.4,15800148,17238,1.9875
Maharashtra,2009,Maize,Summer     ,20100,30200,1002.4,3131982,3417,1.348235294
Maharashtra,2009,Moong(Green Gram),Kharif     ,427700,142000,1002.4,66644214,72709,0.4371875
Maharashtra,2009,Niger seed,Kharif     ,33000,7000,1002.4,5142060,5610,0.180555556
Maharashtra,2009,Other  Rabi pulses,Rabi       ,99100,43800,1002.4,15441762,16847,0.513461538
Maharashtra,2009,Other Kharif pulses,Kharif     ,109700,35200,1002.4,17093454,18649,0.280967742
Maharashtra,2009,Ragi,Kharif     ,120200,108700,1002.4,18729564,20434,0.85
Maharashtra,2009,Rapeseed &Mustard,Rabi       ,5800,2240,1002.4,903756,986,0.493
Maharashtra,2009,Rice,Kharif     ,1450000,2138100,1002.4,225939000,246500,1.106071429
Maharashtra,2009,Rice,Summer     ,20600,47700,1002.4,3209892,3502,2.251111111
Maharashtra,2009,Safflower,Rabi       ,188100,108900,1002.4,29309742,31977,0.6455
Maharashtra,2009,Sesamum,Kharif     ,52100,13500,1002.4,8118222,8857,0.2025
Maharashtra,2009,Sesamum,Rabi       ,2500,500,1002.4,389550,425,0.10375
Maharashtra,2009,Small millets,Kharif     ,53500,20400,1002.4,8336370,9095,0.361111111
Maharashtra,2009,Small millets,Rabi       ,5300,2800,1002.4,825846,901,0.59
Maharashtra,2009,Soyabean,Kharif     ,3019100,2197000,1002.4,470436162,513247,0.948928571
Maharashtra,2009,Sugarcane,Whole Year ,755900,64159300,1002.4,117784338,128503,76.29222222
Maharashtra,2009,Sunflower,Kharif     ,74000,30826,1002.4,11530680,12580,0.4205
Maharashtra,2009,Sunflower,Rabi       ,140600,79700,1002.4,21908292,23902,0.573809524
Maharashtra,2009,Sunflower,Summer     ,5100,5400,1002.4,794682,867,0.889285714
Maharashtra,2009,Urad,Kharif     ,353500,117700,1002.4,55082370,60095,0.500606061
Maharashtra,2009,Wheat,Rabi       ,1080900,1740200,1002.4,168425838,183753,1.53
Maharashtra,2010,Arhar/Tur,Kharif     ,1301900,975800,1389,216258609,312456,0.70125
Maharashtra,2010,Bajra,Kharif     ,1034600,1123500,1389,171857406,248304,0.87
Maharashtra,2010,Castor seed,Kharif     ,9800,4190,1389,1627878,2352,0.527368421
Maharashtra,2010,Cotton(lint),Kharif     ,3941900,7472500,1389,654789009,946056,1.861538462
Maharashtra,2010,Gram,Rabi       ,1437900,1300200,1389,238849569,345096,0.866451613
Maharashtra,2010,Groundnut,Kharif     ,275200,345500,1389,45713472,66048,0.9456
Maharashtra,2010,Groundnut,Summer     ,89300,124800,1389,14833623,21432,1.405
Maharashtra,2010,Jowar,Kharif     ,1031700,1367500,1389,171375687,247608,1.2292
Maharashtra,2010,Jowar,Rabi       ,3027500,2084800,1389,502898025,726600,0.859259259
Maharashtra,2010,Linseed,Rabi       ,39300,10314,1389,6528123,9432,0.265
Maharashtra,2010,Maize,Kharif     ,730600,2208900,1389,121359966,175344,2.230769231
Maharashtra,2010,Maize,Rabi       ,137600,361800,1389,22856736,33024,2.514
Maharashtra,2010,Maize,Summer     ,22300,31300,1389,3704253,5352,1.26
Maharashtra,2010,Moong(Green Gram),Kharif     ,553700,372400,1389,91975107,132888,0.68125
Maharashtra,2010,Niger seed,Kharif     ,34700,7500,1389,5764017,8328,0.244736842
Maharashtra,2010,Other  Rabi pulses,Rabi       ,133000,57700,1389,22092630,31920,0.483043478
Maharashtra,2010,Other Kharif pulses,Kharif     ,129400,61380,1389,21494634,31056,0.449354839
Maharashtra,2010,Ragi,Kharif     ,120000,117500,1389,19933200,28800,1.044166667
Maharashtra,2010,Rapeseed &Mustard,Rabi       ,7700,2860,1389,1279047,1848,0.414347826
Maharashtra,2010,Rice,Kharif     ,1486200,2625100,1389,246872682,356688,1.3116
Maharashtra,2010,Rice,Summer     ,29500,65800,1389,4900245,7080,2.388888889
Maharashtra,2010,Safflower,Rabi       ,172900,93900,1389,28720419,41496,0.556
Maharashtra,2010,Sesamum,Kharif     ,52600,18830,1389,8737386,12624,0.329666667
Maharashtra,2010,Sesamum,Rabi       ,2900,906,1389,481719,696,0.33
Maharashtra,2010,Small millets,Kharif     ,53600,27170,1389,8903496,12864,0.503448276
Maharashtra,2010,Small millets,Rabi       ,4476900,4750000,1389,743657859,1074456,1.377575758
Maharashtra,2010,Soyabean,Kharif     ,2729100,4316100,1389,453330801,654984,1.663928571
Maharashtra,2010,Sugarcane,Whole Year ,964500,85691500,1389,160213095,231480,73.83961538
Maharashtra,2010,Sunflower,Kharif     ,68800,35000,1389,11428368,16512,0.4765
Maharashtra,2010,Sunflower,Rabi       ,138800,89800,1389,23056068,33312,0.63047619
Maharashtra,2010,Sunflower,Summer     ,6300,6500,1389,1046493,1512,0.976470588
Maharashtra,2010,Urad,Kharif     ,481700,328700,1389,80015187,115608,0.713636364
Maharashtra,2010,Wheat,Rabi       ,1306600,2300800,1389,217039326,313584,1.709333333
Maharashtra,2011,Arhar/Tur,Kharif     ,1233100,870900,1174.095455,206568912,406923,0.639375
Maharashtra,2011,Bajra,Kharif     ,838200,823300,1174.095455,140415264,276606,0.833809524
Maharashtra,2011,Castor seed,Kharif     ,8100,3580,1174.095455,1356912,2673,0.445384615
Maharashtra,2011,Cotton(lint),Kharif     ,4166700,6820100,1174.095455,698005584,1375011,1.7416
Maharashtra,2011,Gram,Rabi       ,1075100,857500,1174.095455,180100752,354783,0.798387097
Maharashtra,2011,Groundnut,Kharif     ,237700,257140,1174.095455,39819504,78441,0.902307692
Maharashtra,2011,Groundnut,Summer     ,85100,117740,1174.095455,14255952,28083,1.391333333
Maharashtra,2011,Jowar,Kharif     ,895600,1341700,1174.095455,150030912,295548,1.426
Maharashtra,2011,Jowar,Rabi       ,2333400,1285500,1174.095455,390891168,770022,0.805185185
Maharashtra,2011,Linseed,Rabi       ,31000,7760,1174.095455,5193120,10230,0.236
Maharashtra,2011,Maize,Kharif     ,736200,2126700,1174.095455,123328224,242946,2.101851852
Maharashtra,2011,Maize,Rabi       ,116200,294500,1174.095455,19465824,38346,2.656666667
Maharashtra,2011,Maize,Summer     ,24900,36400,1174.095455,4171248,8217,1.311666667
Maharashtra,2011,Moong(Green Gram),Kharif     ,432700,253540,1174.095455,72485904,142791,0.5225
Maharashtra,2011,Niger seed,Kharif     ,37400,11470,1174.095455,6265248,12342,0.277368421
Maharashtra,2011,Other  Rabi pulses,Rabi       ,104000,43440,1174.095455,17422080,34320,0.487083333
Maharashtra,2011,Other Kharif pulses,Kharif     ,87900,36110,1174.095455,14725008,29007,0.44483871
Maharashtra,2011,Ragi,Kharif     ,130300,137800,1174.095455,21827856,42999,1.037272727
Maharashtra,2011,Rapeseed &Mustard,Rabi       ,13100,4570,1174.095455,2194512,4323,0.384782609
Maharashtra,2011,Rice,Kharif     ,1516400,2784600,1174.095455,254027328,500412,1.319642857
Maharashtra,2011,Rice,Summer     ,27800,64300,1174.095455,4657056,9174,2.427777778
Maharashtra,2011,Safflower,Rabi       ,130700,71100,1174.095455,21894864,43131,0.516666667
Maharashtra,2011,Sesamum,Kharif     ,42300,14210,1174.095455,7086096,13959,0.386451613
Maharashtra,2011,Sesamum,Rabi       ,3200,970,1174.095455,536064,1056,0.217142857
Maharashtra,2011,Small millets,Kharif     ,58000,30260,1174.095455,9716160,19140,0.432
Maharashtra,2011,Small millets,Rabi       ,9300,4220,1174.095455,1557936,3069,0.596666667
Maharashtra,2011,Soyabean,Kharif     ,3010300,3969200,1174.095455,504285456,993399,1.484285714
Maharashtra,2011,Sugarcane,Whole Year ,1022000,89456100,1174.095455,171205440,337260,76.54074074
Maharashtra,2011,Sunflower,Kharif     ,41700,22750,1174.095455,6985584,13761,0.544736842
Maharashtra,2011,Sunflower,Rabi       ,55400,33800,1174.095455,9280608,18282,0.561052632
Maharashtra,2011,Sunflower,Summer     ,5600,5200,1174.095455,938112,1848,0.902857143
Maharashtra,2011,Urad,Kharif     ,363900,249460,1174.095455,60960528,120087,0.616060606
Maharashtra,2011,Wheat,Rabi       ,878100,1498800,1174.095455,147099312,289773,1.646666667
Maharashtra,2012,Arhar/Tur,Kharif     ,1213600,1005800,1003.4,183010880,376216,0.633125
Maharashtra,2012,Bajra,Kharif     ,788200,502400,1003.4,118860560,244342,0.658
Maharashtra,2012,Castor seed,Kharif     ,18300,4960,1003.4,2759640,5673,0.277619048
Maharashtra,2012,Cotton(lint),Kharif     ,4187000,6793000,1003.4,631399600,1297970,1.9308
Maharashtra,2012,Gram,Rabi       ,1134500,867900,1003.4,171082600,351695,0.712666667
Maharashtra,2012,Groundnut,Kharif     ,238000,236100,1003.4,35890400,73780,0.8236
Maharashtra,2012,Groundnut,Summer     ,70120,101640,1003.4,10574096,21737.2,1.501666667
Maharashtra,2012,Jowar,Kharif     ,888700,1197400,1003.4,134015960,275497,1.2828
Maharashtra,2012,Jowar,Rabi       ,2401200,911500,1003.4,362100960,744372,0.7136
Maharashtra,2012,Linseed,Rabi       ,27200,7590,1003.4,4101760,8432,0.243636364
Maharashtra,2012,Maize,Kharif     ,688800,1581900,1003.4,103871040,213528,1.825769231
Maharashtra,2012,Maize,Rabi       ,121000,229800,1003.4,18246800,37510,1.665
Maharashtra,2012,Maize,Summer     ,12100,14700,1003.4,1824680,3751,1.124444444
Maharashtra,2012,Moong(Green Gram),Kharif     ,431200,211340,1003.4,65024960,133672,0.460322581
Maharashtra,2012,Niger seed,Kharif     ,40300,12390,1003.4,6077240,12493,0.262222222
Maharashtra,2012,Other  Rabi pulses,Rabi       ,117800,43480,1003.4,17764240,36518,0.399130435
Maharashtra,2012,Other Kharif pulses,Kharif     ,65300,18650,1003.4,9847240,20243,0.35
Maharashtra,2012,Ragi,Kharif     ,124500,139000,1003.4,18774600,38595,1.117
Maharashtra,2012,Rapeseed &Mustard,Rabi       ,8700,2460,1003.4,1311960,2697,0.312105263
Maharashtra,2012,Rice,Kharif     ,1528100,3001640,1003.4,230437480,473711,1.316153846
Maharashtra,2012,Rice,Summer     ,30900,76400,1003.4,4659720,9579,2.38
Maharashtra,2012,Safflower,Rabi       ,104900,57720,1003.4,15818920,32519,0.516111111
Maharashtra,2012,Sesamum,Kharif     ,38600,11390,1003.4,5820880,11966,0.34
Maharashtra,2012,Sesamum,Rabi       ,900,290,1003.4,135720,279,0.33
Maharashtra,2012,Small millets,Kharif     ,53800,23390,1003.4,8113040,16678,0.397777778
Maharashtra,2012,Small millets,Rabi       ,19700,6240,1003.4,2970760,6107,0.419444444
Maharashtra,2012,Soyabean,Kharif     ,3063900,4689800,1003.4,462036120,949809,1.5
Maharashtra,2012,Sugarcane,Whole Year ,938100,75335000,1003.4,141465480,290811,73.4448
Maharashtra,2012,Sunflower,Kharif     ,34600,14250,1003.4,5217680,10726,0.409473684
Maharashtra,2012,Sunflower,Rabi       ,41700,18840,1003.4,6288360,12927,0.435
Maharashtra,2012,Sunflower,Summer     ,3900,3500,1003.4,588120,1209,0.745714286
Maharashtra,2012,Urad,Kharif     ,360300,213600,1003.4,54333240,111693,0.5715625
Maharashtra,2012,Wheat,Rabi       ,785000,1198700,1003.4,118378000,243350,1.461034483
Maharashtra,2013,Arhar/Tur,Kharif     ,1141300,1034200,1409.8,164906437,308151,0.7625
Maharashtra,2013,Bajra,Kharif     ,761600,787900,1409.8,110043584,205632,0.846315789
Maharashtra,2013,Castor seed,Kharif     ,13800,5100,1409.8,1993962,3726,0.346521739
Maharashtra,2013,Cotton(lint),Kharif     ,4159500,8834200,1409.8,601006155,1123065,2.0644
Maharashtra,2013,Gram,Rabi       ,1519500,1400640,1409.8,219552555,410265,0.863333333
Maharashtra,2013,Groundnut,Kharif     ,244100,295850,1409.8,35270009,65907,1.009047619
Maharashtra,2013,Groundnut,Summer     ,84200,125850,1409.8,12166058,22734,1.507407407
Maharashtra,2013,Jowar,Kharif     ,803800,926400,1409.8,116141062,217026,1.0888
Maharashtra,2013,Jowar,Rabi       ,2780700,1921500,1409.8,401783343,750789,0.864166667
Maharashtra,2013,Linseed,Rabi       ,12100,3250,1409.8,1748329,3267,0.34375
Maharashtra,2013,Maize,Kharif     ,746700,2643900,1409.8,107890683,201609,2.6244
Maharashtra,2013,Maize,Rabi       ,171600,443600,1409.8,24794484,46332,2.4765
Maharashtra,2013,Maize,Summer     ,28200,36300,1409.8,4074618,7614,1.265833333
Maharashtra,2013,Moong(Green Gram),Kharif     ,430700,200572,1409.8,62231843,116289,0.653103448
Maharashtra,2013,Niger seed,Kharif     ,40300,13020,1409.8,5822947,10881,0.218888889
Maharashtra,2013,Other  Rabi pulses,Rabi       ,122300,55200,1409.8,17671127,33021,0.429615385
Maharashtra,2013,Other Kharif pulses,Kharif     ,104800,44600,1409.8,15142552,28296,0.395172414
Maharashtra,2013,Ragi,Kharif     ,124500,142300,1409.8,17989005,33615,1.244
Maharashtra,2013,Rice,Kharif     ,1567500,3016600,1409.8,226488075,423225,1.436
Maharashtra,2013,Rice,Summer     ,37400,91690,1409.8,5403926,10098,2.423333333
Maharashtra,2013,Safflower,Rabi       ,126300,82700,1409.8,18249087,34101,0.736111111
Maharashtra,2013,Sesamum,Kharif     ,37700,10070,1409.8,5447273,10179,0.191034483
Maharashtra,2013,Sesamum,Rabi       ,1500,220,1409.8,216735,405,0.095
Maharashtra,2013,Small millets,Kharif     ,51600,27300,1409.8,7455684,13932,0.434074074
Maharashtra,2013,Small millets,Rabi       ,6000,2300,1409.8,866940,1620,0.39
Maharashtra,2013,Soyabean,Kharif     ,3519900,4272690,1409.8,508590351,950373,1.405714286
Maharashtra,2013,Sugarcane,Whole Year ,937100,83954000,1409.8,135401579,253017,79.05115385
Maharashtra,2013,Sunflower,Kharif     ,33600,20600,1409.8,4854864,9072,0.678235294
Maharashtra,2013,Sunflower,Rabi       ,56000,33250,1409.8,8091440,15120,0.387333333
Maharashtra,2013,Sunflower,Summer     ,4200,3700,1409.8,606858,1134,0.88375
Maharashtra,2013,Tobacco,Whole Year ,1500,1800,1409.8,216735,405,1.2
Maharashtra,2013,Urad,Kharif     ,334400,206440,1409.8,48317456,90288,0.555483871
Maharashtra,2013,Wheat,Rabi       ,1028200,1480000,1409.8,148564618,277614,1.462413793
Maharashtra,2014,Arhar/Tur,Kharif     ,1210200,353300,1001.6,182691792,399366,0.313529412
Maharashtra,2014,Bajra,Kharif     ,864800,537900,1001.6,130550208,285384,0.451052632
Maharashtra,2014,Castor seed,Kharif     ,17300,4000,1001.6,2611608,5709,0.188571429
Maharashtra,2014,Cotton(lint),Kharif     ,4189900,3577100,1001.6,632507304,1382667,0.9664
Maharashtra,2014,Gram,Rabi       ,1427500,1087700,1001.6,215495400,471075,0.731612903
Maharashtra,2014,Groundnut,Kharif     ,243800,252900,1001.6,36804048,80454,0.643636364
Maharashtra,2014,Groundnut,Summer     ,82700,126000,1001.6,12484392,27291,1.4928
Maharashtra,2014,Jowar,Kharif     ,680100,584400,1001.6,102667896,224433,0.95625
Maharashtra,2014,Jowar,Rabi       ,2608100,1524400,1001.6,393718776,860673,0.717307692
Maharashtra,2014,Linseed,Rabi       ,23900,5300,1001.6,3607944,7887,0.235
Maharashtra,2014,Maize,Kharif     ,800500,1496100,1001.6,120843480,264165,1.76
Maharashtra,2014,Maize,Rabi       ,239800,651400,1001.6,36200208,79134,1.730869565
Maharashtra,2014,Maize,Summer     ,35900,53700,1001.6,5419464,11847,1.240454545
Maharashtra,2014,Moong(Green Gram),Kharif     ,315200,83700,1001.6,47582592,104016,0.273939394
Maharashtra,2014,Niger seed,Kharif     ,16400,2800,1001.6,2475744,5412,0.113157895
Maharashtra,2014,Other  Rabi pulses,Rabi       ,103300,33900,1001.6,15594168,34089,0.327037037
Maharashtra,2014,Other Kharif pulses,Kharif     ,76500,28700,1001.6,11548440,25245,0.327
Maharashtra,2014,Ragi,Kharif     ,111600,119000,1001.6,16847136,36828,1.091818182
Maharashtra,2014,Rice,Kharif     ,1508400,2835400,1001.6,227708064,497772,1.3064
Maharashtra,2014,Rice,Summer     ,42800,111200,1001.6,6461088,14124,2.52375
Maharashtra,2014,Safflower,Rabi       ,74200,26300,1001.6,11201232,24486,0.571578947
Maharashtra,2014,Sesamum,Kharif     ,19900,4000,1001.6,3004104,6567,0.224444444
Maharashtra,2014,Sesamum,Rabi       ,700,100,1001.6,105672,231,0.0625
Maharashtra,2014,Small millets,Kharif     ,64100,23800,1001.6,9676536,21153,0.349655172
Maharashtra,2014,Small millets,Rabi       ,17300,5900,1001.6,2611608,5709,0.385384615
Maharashtra,2014,Soyabean,Kharif     ,3640200,1821600,1001.6,549524592,1201266,0.758571429
Maharashtra,2014,Sugarcane,Whole Year ,1029500,91538100,1001.6,155413320,339735,71.18857143
Maharashtra,2014,Sunflower,Kharif     ,32300,10000,1001.6,4876008,10659,0.24
Maharashtra,2014,Sunflower,Rabi       ,47900,20700,1001.6,7230984,15807,0.326153846
Maharashtra,2014,Sunflower,Summer     ,1900,2000,1001.6,286824,627,0.8375
Maharashtra,2014,Tobacco,Whole Year ,1300,2100,1001.6,196248,429,1.62
Maharashtra,2014,Urad,Kharif     ,276500,92300,1001.6,41740440,91245,0.408787879
Maharashtra,2014,Wheat,Rabi       ,1067300,1307700,1001.6,161119608,352209,1.20137931
Maharashtra,2015,Arhar/Tur,Kharif     ,1236900,444200,875.7,195318879,408177,0.341470588
Maharashtra,2015,Bajra,Kharif     ,800600,332900,875.7,126422746,264198,0.296
Maharashtra,2015,Castor seed,Kharif     ,11426,2136,875.7,1804279.66,3770.58,0.239047619
Maharashtra,2015,Cotton(lint),Kharif     ,4207200,3913930,875.7,664358952,1388376,0.8904
Maharashtra,2015,Gram,Rabi       ,1442020,776680,875.7,227709378.2,475866.6,0.561515152
Maharashtra,2015,Groundnut,Kharif     ,224500,216610,875.7,35450795,74085,0.627142857
Maharashtra,2015,Groundnut,Summer     ,85308,116629,875.7,13470986.28,28151.64,1.226129032
Maharashtra,2015,Jowar,Kharif     ,620800,368100,875.7,98030528,204864,0.638
Maharashtra,2015,Jowar,Rabi       ,2596800,837100,875.7,410060688,856944,0.533846154
Maharashtra,2015,Linseed,Rabi       ,16252,3988,875.7,2566353.32,5363.16,0.165
Maharashtra,2015,Maize,Kharif     ,789100,1159800,875.7,124606781,260403,1.200833333
Maharashtra,2015,Maize,Rabi       ,248690,460920,875.7,39270637.9,82067.7,1.55962963
Maharashtra,2015,Maize,Summer     ,29100,39150,875.7,4595181,9603,1.352608696
Maharashtra,2015,Moong(Green Gram),Kharif     ,365868,69032,875.7,57774215.88,120736.44,0.20030303
Maharashtra,2015,Moong(Green Gram),Summer     ,2552,591,875.7,402986.32,842.16,0.203846154
Maharashtra,2015,Niger seed,Kharif     ,12370,1867,875.7,1953346.7,4082.1,0.167727273
Maharashtra,2015,Other  Rabi pulses,Rabi       ,92908,44306,875.7,14671102.28,30659.64,0.347692308
Maharashtra,2015,Other Kharif pulses,Kharif     ,117702,36351,875.7,18586322.82,38841.66,0.346296296
Maharashtra,2015,Ragi,Kharif     ,91700,92900,875.7,14480347,30261,0.895
Maharashtra,2015,Rice,Kharif     ,1471400,2517100,875.7,232348774,485562,1.334583333
Maharashtra,2015,Rice,Summer     ,31400,76000,875.7,4958374,10362,2.538888889
Maharashtra,2015,Safflower,Rabi       ,56815,12753,875.7,8971656.65,18748.95,0.245
Maharashtra,2015,Sesamum,Kharif     ,28141,3511,875.7,4443745.31,9286.53,0.134666667
Maharashtra,2015,Sesamum,Rabi       ,1627,907,875.7,256919.57,536.91,0.568888889
Maharashtra,2015,Small millets,Kharif     ,48200,16200,875.7,7611262,15906,0.294090909
Maharashtra,2015,Small millets,Rabi       ,15840,4856,875.7,2501294.4,5227.2,0.403636364
Maharashtra,2015,Small millets,Summer     ,12350,9870,875.7,1950188.5,4075.5,0.629285714
Maharashtra,2015,Soyabean,Kharif     ,3702000,1794590,875.7,584582820,1221660,0.668928571
Maharashtra,2015,Sugarcane,Whole Year ,987100,69235400,875.7,155872961,325743,59.97133333
Maharashtra,2015,Sunflower,Kharif     ,18532,2440,875.7,2926388.12,6115.56,0.108235294
Maharashtra,2015,Sunflower,Rabi       ,28631,7250,875.7,4521121.21,9448.23,0.24826087
Maharashtra,2015,Sunflower,Summer     ,1020,1335,875.7,161068.2,336.6,0.644
Maharashtra,2015,Tobacco,Whole Year ,1606,2803,875.7,253603.46,529.98,1.125
Maharashtra,2015,Urad,Kharif     ,285900,61420,875.7,45146469,94347,0.323939394
Maharashtra,2015,Wheat,Rabi       ,910854,981351,875.7,143832955.1,300581.82,1.0278125
Maharashtra,2015,other oilseeds,Rabi       ,9154,2364,875.7,1445508.14,3020.82,0.317307692
Maharashtra,2015,other oilseeds,Summer     ,307,340,875.7,48478.37,101.31,0.68
Maharashtra,2016,Arhar/Tur,Kharif     ,1435643,2089252,1151.1,220012289.8,502475.05,1.184411765
Maharashtra,2016,Bajra,Kharif     ,837081,799743,1151.1,128282663.3,292978.35,0.649090909
Maharashtra,2016,Castor seed,Kharif     ,7049,2074,1151.1,1080259.25,2467.15,0.379473684
Maharashtra,2016,Cotton(lint),Kharif     ,4212480,10754986,1151.1,645562560,1474368,2.6268
Maharashtra,2016,Gram,Rabi       ,1929130,1940925,1151.1,295639172.5,675195.5,0.9825
Maharashtra,2016,Groundnut,Kharif     ,235080,286827,1151.1,36026010,82278,0.95625
Maharashtra,2016,Groundnut,Summer     ,120010,133475,1151.1,18391532.5,42003.5,1.325
Maharashtra,2016,Jowar,Kharif     ,603420,575376,1151.1,92474115,211197,0.926153846
Maharashtra,2016,Jowar,Rabi       ,3012030,1963350,1151.1,461593597.5,1054210.5,0.906153846
Maharashtra,2016,Linseed,Rabi       ,14203,3354,1151.1,2176609.75,4971.05,0.339333333
Maharashtra,2016,Maize,Kharif     ,658330,2136362,1151.1,100889072.5,230415.5,2.413448276
Maharashtra,2016,Maize,Rabi       ,344895,1084699,1151.1,52855158.75,120713.25,2.637857143
Maharashtra,2016,Maize,Summer     ,50200,107630,1151.1,7693150,17570,1.8748
Maharashtra,2016,Moong(Green Gram),Kharif     ,444267,260048,1151.1,68083917.75,155493.45,0.5925
Maharashtra,2016,Niger seed,Kharif     ,14052,2320,1151.1,2153469,4918.2,0.175263158
Maharashtra,2016,Other  Rabi pulses,Rabi       ,122180,69160,1151.1,18724085,42763,0.511851852
Maharashtra,2016,Other Cereals,Kharif     ,44130,24148,1151.1,6762922.5,15445.5,0.484230769
Maharashtra,2016,Other Cereals,Rabi       ,10612,4166,1151.1,1626289,3714.2,0.437058824
Maharashtra,2016,Other Cereals,Summer     ,29240,44420,1151.1,4481030,10234,1.669230769
Maharashtra,2016,Other Kharif pulses,Kharif     ,87140,40031,1151.1,13354205,30499,0.476896552
Maharashtra,2016,Other Summer Pulses,Summer     ,2170,1443,1151.1,332552.5,759.5,0.68875
Maharashtra,2016,Ragi,Kharif     ,92825,111073,1151.1,14225431.25,32488.75,1.089285714
Maharashtra,2016,Rapeseed &Mustard,Rabi       ,9233,3317,1151.1,1414957.25,3231.55,0.369615385
Maharashtra,2016,Rice,Kharif     ,1465730,3419021,1151.1,224623122.5,513005.5,1.664444444
Maharashtra,2016,Rice,Summer     ,69640,161900,1151.1,10672330,24374,2.369166667
Maharashtra,2016,Safflower,Rabi       ,75670,52430,1151.1,11596427.5,26484.5,0.672222222
Maharashtra,2016,Sesamum,Kharif     ,29178,6786,1151.1,4471528.5,10212.3,0.2625
Maharashtra,2016,Sesamum,Rabi       ,2332,55588,1151.1,357379,816.2,32.58882353
Maharashtra,2016,Sesamum,Summer     ,1984,409,1151.1,304048,694.4,0.188888889
Maharashtra,2016,Soyabean,Kharif     ,3840840,4586715,1151.1,588608730,1344294,1.27
Maharashtra,2016,Sugarcane,Whole Year ,633269,54236984,1151.1,97048474.25,221644.15,69.409
Maharashtra,2016,Sunflower,Kharif     ,21076,5877,1151.1,3229897,7376.6,0.295
Maharashtra,2016,Sunflower,Rabi       ,37238,28440,1151.1,5706723.5,13033.3,0.789130435
Maharashtra,2016,Sunflower,Summer     ,680,869,1151.1,104210,238,0.804
Maharashtra,2016,Tobacco,Whole Year ,800,1100,1151.1,122600,280,1.38
Maharashtra,2016,Urad,Kharif     ,337944,183121,1151.1,51789918,118280.4,0.577878788
Maharashtra,2016,Wheat,Rabi       ,1272006,2214012,1151.1,194934919.5,445202.1,1.73483871
Maharashtra,2016,other oilseeds,Summer     ,281,104,1151.1,43063.25,98.35,0.326
Maharashtra,2017,Arhar/Tur,Kharif     ,1375105,1250678,1129.5,216496531.2,522539.9,0.813225806
Maharashtra,2017,Bajra,Kharif     ,787833,669176,1129.5,124036427.5,299376.54,0.609047619
Maharashtra,2017,Castor seed,Kharif     ,6152,1368,1129.5,968570.88,2337.76,0.257
Maharashtra,2017,Cotton(lint),Kharif     ,4350818,6093512,1129.5,684992785.9,1653310.84,1.647407407
Maharashtra,2017,Gram,Rabi       ,2234051,2048892,1129.5,351728989.4,848939.38,0.904375
Maharashtra,2017,Groundnut,Kharif     ,239847,276066,1129.5,37761511.68,91141.86,1.011666667
Maharashtra,2017,Groundnut,Summer     ,51277,69376,1129.5,8073050.88,19485.26,1.3459375
Maharashtra,2017,Jowar,Kharif     ,565298,547246,1129.5,89000517.12,214813.24,0.904230769
Maharashtra,2017,Jowar,Rabi       ,2898855,1842436,1129.5,456395731.2,1101564.9,0.785384615
Maharashtra,2017,Linseed,Rabi       ,10591,3257,1129.5,1667447.04,4024.58,0.2975
Maharashtra,2017,Maize,Kharif     ,694785,2165565,1129.5,109386950.4,264018.3,2.253461538
Maharashtra,2017,Maize,Rabi       ,333739,904932,1129.5,52543868.16,126820.82,1.973793103
Maharashtra,2017,Maize,Summer     ,35002,54906,1129.5,5510714.88,13300.76,1.334444444
Maharashtra,2017,Moong(Green Gram),Kharif     ,432072,158517,1129.5,68025415.68,164187.36,0.3575
Maharashtra,2017,Niger seed,Kharif     ,12968,2060,1129.5,2041681.92,4927.84,0.154375
Maharashtra,2017,Other  Rabi pulses,Rabi       ,101725,50909,1129.5,16015584,38655.5,0.575555556
Maharashtra,2017,Other Cereals,Kharif     ,41744,20834,1129.5,6572175.36,15862.72,0.437142857
Maharashtra,2017,Other Cereals,Rabi       ,7094,3715,1129.5,1116879.36,2695.72,0.551428571
Maharashtra,2017,Other Cereals,Summer     ,16727,12765,1129.5,2633498.88,6356.26,0.712727273
Maharashtra,2017,Other Kharif pulses,Kharif     ,81536,53793,1129.5,12837027.84,30983.68,0.345714286
Maharashtra,2017,Other Summer Pulses,Summer     ,2164,691,1129.5,340700.16,822.32,0.334666667
Maharashtra,2017,Ragi,Kharif     ,92817,106410,1129.5,14613108.48,35270.46,1.120833333
Maharashtra,2017,Rapeseed &Mustard,Rabi       ,6675,2289,1129.5,1050912,2536.5,0.412692308
Maharashtra,2017,Rice,Kharif     ,1424765,2668600,1129.5,224315001.6,541410.7,1.637916667
Maharashtra,2017,Rice,Summer     ,26178,62200,1129.5,4121464.32,9947.64,2.535833333
Maharashtra,2017,Safflower,Rabi       ,38902,21556,1129.5,6124730.88,14782.76,0.613529412
Maharashtra,2017,Sesamum,Kharif     ,26822,5090,1129.5,4222855.68,10192.36,0.228571429
Maharashtra,2017,Sesamum,Rabi       ,3633,1414,1129.5,571979.52,1380.54,0.589333333
Maharashtra,2017,Sesamum,Summer     ,861,169,1129.5,135555.84,327.18,0.425714286
Maharashtra,2017,Soyabean,Kharif     ,3693729,3805544,1129.5,581540693.8,1403617.02,1.225357143
Maharashtra,2017,Sugarcane,Whole Year ,902035,82539200,1129.5,142016390.4,342773.3,66.33833333
Maharashtra,2017,Sunflower,Kharif     ,16497,7977,1129.5,2597287.68,6268.86,0.542352941
Maharashtra,2017,Sunflower,Rabi       ,24016,12297,1129.5,3781079.04,9126.08,0.535263158
Maharashtra,2017,Sunflower,Summer     ,371,450,1129.5,58410.24,140.98,0.81625
Maharashtra,2017,Tobacco,Whole Year ,549,700,1129.5,86434.56,208.62,1.28
Maharashtra,2017,Urad,Kharif     ,350577,121178,1129.5,55194842.88,133219.26,0.3765625
Maharashtra,2017,Wheat,Rabi       ,1137731.5,1884842,1129.5,179124447.4,432337.97,1.505483871
Maharashtra,2017,other oilseeds,Summer     ,621,175,1129.5,97770.24,235.98,2.32
Maharashtra,2018,Arhar/Tur,Kharif     ,1261309,834489,1387.4,204584319.8,441458.15,0.568709677
Maharashtra,2018,Bajra,Kharif     ,609587.4,332231,1387.4,98875076.28,213355.59,0.408
Maharashtra,2018,Castor seed,Kharif     ,12534,3649,1387.4,2033014.8,4386.9,0.2745
Maharashtra,2018,Cotton(lint),Kharif     ,4218738,6593117,1387.4,684279303.6,1476558.3,1.536923077
Maharashtra,2018,Gram,Rabi       ,1694220,1396800,1387.4,274802484,592977,0.852903226
Maharashtra,2018,Groundnut,Kharif     ,217336,203522,1387.4,35251899.2,76067.6,0.689090909
Maharashtra,2018,Groundnut,Summer     ,26839,35102,1387.4,4353285.8,9393.65,1.436896552
Maharashtra,2018,Jowar,Kharif     ,530306,429671,1387.4,86015633.2,185607.1,0.718846154
Maharashtra,2018,Jowar,Rabi       ,1908957,767530,1387.4,309632825.4,668134.95,0.55
Maharashtra,2018,Linseed,Rabi       ,7014,2732,1387.4,1137670.8,2454.9,0.336363636
Maharashtra,2018,Maize,Kharif     ,707963,1364959,1387.4,114831598.6,247787.05,1.515
Maharashtra,2018,Maize,Rabi       ,201409,379865,1387.4,32668539.8,70493.15,1.349230769
Maharashtra,2018,Maize,Summer     ,17135,20570,1387.4,2779297,5997.25,1.0155
Maharashtra,2018,Moong(Green Gram),Kharif     ,481049,203771,1387.4,78026147.8,168367.15,0.366896552
Maharashtra,2018,Niger seed,Kharif     ,10929,1336,1387.4,1772683.8,3825.15,0.123076923
Maharashtra,2018,Other  Rabi pulses,Rabi       ,109680,51185,1387.4,17790096,38388,0.4368
Maharashtra,2018,Other Cereals,Kharif     ,46642,21610,1387.4,7565332.4,16324.7,0.400740741
Maharashtra,2018,Other Cereals,Rabi       ,13043,4423,1387.4,2115574.6,4565.05,0.405416667
Maharashtra,2018,Other Cereals,Summer     ,12402,7309,1387.4,2011604.4,4340.7,0.5
Maharashtra,2018,Other Kharif pulses,Kharif     ,87264,41185,1387.4,14154220.8,30542.4,0.395357143
Maharashtra,2018,Other Summer Pulses,Summer     ,2030,648,1387.4,329266,710.5,0.426363636
Maharashtra,2018,Ragi,Kharif     ,80297,93472,1387.4,13024173.4,28103.95,1.000833333
Maharashtra,2018,Rapeseed &Mustard,Rabi       ,5738,1979,1387.4,930703.6,2008.3,0.383636364
Maharashtra,2018,Rice,Kharif     ,1417445,3143748,1387.4,229909579,496105.75,1.657916667
Maharashtra,2018,Rice,Summer     ,47541,132050,1387.4,7711150.2,16639.35,2.755833333
Maharashtra,2018,Safflower,Rabi       ,25122,11965,1387.4,4074788.4,8792.7,0.446923077
Maharashtra,2018,Sesamum,Kharif     ,36932,6270,1387.4,5990370.4,12926.2,0.1896
Maharashtra,2018,Sesamum,Rabi       ,875,96,1387.4,141925,306.25,0.095454545
Maharashtra,2018,Sesamum,Summer     ,1385,183,1387.4,224647,484.75,0.20125
Maharashtra,2018,Soyabean,Kharif     ,4075174,4610936,1387.4,660993222.8,1426310.9,1.232857143
Maharashtra,2018,Sugarcane,Whole Year ,1162836,89770489,1387.4,188611999.2,406992.6,65.7037931
Maharashtra,2018,Sunflower,Kharif     ,16026,2610,1387.4,2599417.2,5609.1,0.113571429
Maharashtra,2018,Sunflower,Summer     ,285,437,1387.4,46227,99.75,1.25
Maharashtra,2018,Tobacco,Whole Year ,460,803,1387.4,74612,161,1.75
Maharashtra,2018,Urad,Kharif     ,366614,154473,1387.4,59464790.8,128314.9,0.41137931
Maharashtra,2018,Wheat,Rabi       ,834423.25,1249407,1387.4,135343451.1,292048.1375,1.388666667
Maharashtra,2018,other oilseeds,Summer     ,83,15,1387.4,13462.6,29.05,0.12
Maharashtra,2019,Arhar/Tur,Kharif     ,1319102,1196801,1555.8,226568959.5,488067.74,0.840967742
Maharashtra,2019,Bajra,Kharif     ,672783,512321,1555.8,115557208.1,248929.71,0.579545455
Maharashtra,2019,Cotton(lint),Kharif     ,4491331,6639185,1555.8,771431012.6,1661792.47,2.831428571
Maharashtra,2019,Gram,Rabi       ,2043208,2240091,1555.8,350941406.1,755986.96,0.963030303
Maharashtra,2019,Groundnut,Kharif     ,221102,191433,1555.8,37976479.52,81807.74,0.680740741
Maharashtra,2019,Groundnut,Summer     ,69662,117539,1555.8,11965145.12,25774.94,1.765625
Maharashtra,2019,Jowar,Kharif     ,389881,273081,1555.8,66965960.56,144255.97,0.601481481
Maharashtra,2019,Jowar,Rabi       ,1981591,1591616,1555.8,340358070.2,733188.67,0.932222222
Maharashtra,2019,Linseed,Rabi       ,5493,1936,1555.8,943477.68,2032.41,0.313333333
Maharashtra,2019,Maize,Kharif     ,771711,1051683,1555.8,132549081.4,285533.07,1.363214286
Maharashtra,2019,Maize,Rabi       ,297952,795312,1555.8,51176235.52,110242.24,2.171333333
Maharashtra,2019,Maize,Summer     ,56994,112994,1555.8,9789289.44,21087.78,1.783913043
Maharashtra,2019,Moong(Green Gram),Kharif     ,386788,150720,1555.8,66434706.88,143111.56,0.406551724
Maharashtra,2019,Niger seed,Kharif     ,8126,1626,1555.8,1395721.76,3006.62,0.17
Maharashtra,2019,Other  Rabi pulses,Rabi       ,125126,66053,1555.8,21491641.76,46296.62,0.467241379
Maharashtra,2019,Other Cereals,Kharif     ,40981,22030,1555.8,7038896.56,15162.97,0.545714286
Maharashtra,2019,Other Cereals,Rabi       ,10655,3748,1555.8,1830102.8,3942.35,0.413809524
Maharashtra,2019,Other Cereals,Summer     ,61753,77375,1555.8,10606695.28,22848.61,1.175833333
Maharashtra,2019,Other Kharif pulses,Kharif     ,88528,38650,1555.8,15205569.28,32755.36,0.340689655
Maharashtra,2019,Other Summer Pulses,Summer     ,12685,5526,1555.8,2178775.6,4693.45,0.489473684
Maharashtra,2019,Ragi,Kharif     ,82225,87270,1555.8,14122966,30423.25,1.009411765
Maharashtra,2019,Rapeseed &Mustard,Rabi       ,10517,3204,1555.8,1806399.92,3891.29,0.323333333
Maharashtra,2019,Rice,Kharif     ,1478093,2701810,1555.8,253877253.7,546894.41,1.256296296
Maharashtra,2019,Rice,Summer     ,74896,195623,1555.8,12864136.96,27711.52,2.660833333
Maharashtra,2019,Safflower,Rabi       ,21603,14917,1555.8,3710531.28,7993.11,0.541666667
Maharashtra,2019,Sesamum,Kharif     ,20063,3617,1555.8,3446020.88,7423.31,0.184137931
Maharashtra,2019,Sesamum,Rabi       ,1884,589,1555.8,323595.84,697.08,0.292666667
Maharashtra,2019,Sesamum,Summer     ,4013,984,1555.8,689272.88,1484.81,0.187142857
Maharashtra,2019,Soyabean,Kharif     ,4123911,4825628,1555.8,708322953.4,1525847.07,1.153214286
Maharashtra,2019,Sugarcane,Whole Year ,822407,69312919,1555.8,141256626.3,304290.59,69.62148148
Maharashtra,2019,Sunflower,Kharif     ,19230,6780,1555.8,3302944.8,7115.1,0.346818182
Maharashtra,2019,Sunflower,Rabi       ,3411,1843,1555.8,585873.36,1262.07,0.499333333
Maharashtra,2019,Sunflower,Summer     ,5161,3511,1555.8,886453.36,1909.57,0.879
Maharashtra,2019,Tobacco,Whole Year ,456,828,1555.8,78322.56,168.72,1.82
Maharashtra,2019,Urad,Kharif     ,340529,151195,1555.8,58489261.04,125995.73,0.45625
Maharashtra,2019,Wheat,Rabi       ,1056965,1793440,1555.8,181544308.4,391077.05,1.564
Maharashtra,2019,other oilseeds,Kharif     ,10634,3249,1555.8,1826495.84,3934.58,0.271363636
Maharashtra,2019,other oilseeds,Rabi       ,10517,3231,1555.8,1806399.92,3891.29,0.379666667
Maharashtra,2019,other oilseeds,Summer     ,1276,686,1555.8,219165.76,472.12,0.3625
